Workbook

Sheet Описание
A1: Фаза 1. Выбор концепции проекта: нечёткий коллективный TOPSIS (трёхточечные оценки)
A2: Команда: Пашинский П., Колесникова А., Степаненко А.
A4: Легенда
A5: Синий шрифт — вводимые значения (оценки экспертов, типы критериев, шкала): их можно менять, всё пересчитается.
A6: Чёрный шрифт — формулы. Зелёный шрифт — прямые ссылки на другие листы.
A8: Шкалы и допущения
A9: 1. Важность критериев и оценки альтернатив даются по шкале 1–10. Каждый эксперт ставит по три оценки на каждую ячейку.
A10: 2. Три оценки упорядочиваются формулами MIN / MEDIAN / MAX и трактуются как пессимистичная (l), ожидаемая (m) и оптимистичная (u).
A11: 3. Тип B (выгода): больше балл — лучше. Тип C (затраты): больше балл — хуже (сложнее, рискованнее, дороже); при нормализации оценка инвертируется.
A12: 4. Агрегация экспертов (по Chen): l = минимум l, m = среднее m, u = максимум u. Веса масштабируются делением на максимум шкалы (ячейка C43).
A13: 5. Идеальное решение FPIS = (1,1,1), антиидеальное FNIS = (0,0,0). Расстояние между треугольными числами считается по вершинному методу.
A14: 6. Оценки экспертов в этом файле придуманы для учебного примера и намеренно различаются; замените их своими при необходимости.
A16: Критерии
A17: Код | B17: Критерий | C17: Тип (B/C) | D17: Что оцениваем (1–10)
A18: C1 | B18: Практическая польза | C18: B | D18: Насколько продукт реально пригодится пользователям и команде
A19: C2 | B19: Сложность реализации | C19: C | D19: Объём и трудоёмкость разработки (10 = очень сложно)
A20: C3 | B20: Технические риски | C20: C | D20: Вероятность технических проблем, неопределённость (10 = очень рискованно)
A21: C4 | B21: Чёткость границ (10-15 юз-кейсов) | C21: B | D21: Насколько чётко продукт режется на 10–15 юз-кейсов / MVP
A22: C5 | B22: Интерес команды | C22: B | D22: Насколько участникам команды интересно этим заниматься
A23: C6 | B23: Затраты на поддержку и инфраструктуру | C23: C | D23: Стоимость хостинга, поддержки и сопровождения (10 = очень дорого)
A25: Альтернативы
A26: Код | B26: Название
A27: A1 | B27: Дашборд мониторинга инфраструктуры
A28: A2 | B28: Менеджер секретов и конфигов
A29: A3 | B29: Трекер техдолга и задач
A30: A4 | B30: Бот уведомлений CI/CD
A31: A5 | B31: Каталог внутренней документации
A33: Параметры
B34: Максимум шкалы важности | C34: 10

Sheet Пашинский
A1: Оценки эксперта: Пашинский П. (шкала 1–10)
A2: Важность критериев
A3: Код | B3: Критерий | D3: Оценка 1 | E3: Оценка 2 | F3: Оценка 3 | G3: l (пессим.) | H3: m (ожид.) | I3: u (оптим.)
A4: C1 | B4: Практическая польза | D4: 7 | E4: 8 | F4: 9 | G4: =MIN(D4:F4) -> 7 | H4: =MEDIAN(D4:F4) -> 8 | I4: =MAX(D4:F4) -> 9
A5: C2 | B5: Сложность реализации | D5: 6 | E5: 7 | F5: 5 | G5: =MIN(D5:F5) -> 5 | H5: =MEDIAN(D5:F5) -> 6 | I5: =MAX(D5:F5) -> 7
A6: C3 | B6: Технические риски | D6: 7 | E6: 8 | F6: 9 | G6: =MIN(D6:F6) -> 7 | H6: =MEDIAN(D6:F6) -> 8 | I6: =MAX(D6:F6) -> 9
A7: C4 | B7: Чёткость границ (10-15 юз-кейсов) | D7: 5 | E7: 6 | F7: 4 | G7: =MIN(D7:F7) -> 4 | H7: =MEDIAN(D7:F7) -> 5 | I7: =MAX(D7:F7) -> 6
A8: C5 | B8: Интерес команды | D8: 6 | E8: 7 | F8: 8 | G8: =MIN(D8:F8) -> 6 | H8: =MEDIAN(D8:F8) -> 7 | I8: =MAX(D8:F8) -> 8
A9: C6 | B9: Затраты на поддержку и инфраструктуру | D9: 4 | E9: 5 | F9: 3 | G9: =MIN(D9:F9) -> 3 | H9: =MEDIAN(D9:F9) -> 4 | I9: =MAX(D9:F9) -> 5
A11: Оценки альтернатив по критериям
A12: Альт. | B12: Название альтернативы | C12: Критерий | D12: Оценка 1 | E12: Оценка 2 | F12: Оценка 3 | G12: l (пессим.) | H12: m (ожид.) | I12: u (оптим.)
A13: A1 | B13: Дашборд мониторинга инфраструктуры | C13: C1 (B) | D13: 9 | E13: 8 | F13: 10 | G13: =MIN(D13:F13) -> 8 | H13: =MEDIAN(D13:F13) -> 9 | I13: =MAX(D13:F13) -> 10
A14: A2 | B14: Менеджер секретов и конфигов | C14: C1 (B) | D14: 9 | E14: 7 | F14: 9 | G14: =MIN(D14:F14) -> 7 | H14: =MEDIAN(D14:F14) -> 9 | I14: =MAX(D14:F14) -> 9
A15: A3 | B15: Трекер техдолга и задач | C15: C1 (B) | D15: 6 | E15: 6 | F15: 8 | G15: =MIN(D15:F15) -> 6 | H15: =MEDIAN(D15:F15) -> 6 | I15: =MAX(D15:F15) -> 8
A16: A4 | B16: Бот уведомлений CI/CD | C16: C1 (B) | D16: 7 | E16: 5 | F16: 8 | G16: =MIN(D16:F16) -> 5 | H16: =MEDIAN(D16:F16) -> 7 | I16: =MAX(D16:F16) -> 8
A17: A5 | B17: Каталог внутренней документации | C17: C1 (B) | D17: 6 | E17: 5 | F17: 8 | G17: =MIN(D17:F17) -> 5 | H17: =MEDIAN(D17:F17) -> 6 | I17: =MAX(D17:F17) -> 8
A18: A1 | B18: Дашборд мониторинга инфраструктуры | C18: C2 (C) | D18: 6 | E18: 6 | F18: 7 | G18: =MIN(D18:F18) -> 6 | H18: =MEDIAN(D18:F18) -> 6 | I18: =MAX(D18:F18) -> 7
A19: A2 | B19: Менеджер секретов и конфигов | C19: C2 (C) | D19: 7 | E19: 8 | F19: 9 | G19: =MIN(D19:F19) -> 7 | H19: =MEDIAN(D19:F19) -> 8 | I19: =MAX(D19:F19) -> 9
A20: A3 | B20: Трекер техдолга и задач | C20: C2 (C) | D20: 3 | E20: 5 | F20: 5 | G20: =MIN(D20:F20) -> 3 | H20: =MEDIAN(D20:F20) -> 5 | I20: =MAX(D20:F20) -> 5
A21: A4 | B21: Бот уведомлений CI/CD | C21: C2 (C) | D21: 3 | E21: 3 | F21: 5 | G21: =MIN(D21:F21) -> 3 | H21: =MEDIAN(D21:F21) -> 3 | I21: =MAX(D21:F21) -> 5
A22: A5 | B22: Каталог внутренней документации | C22: C2 (C) | D22: 2 | E22: 4 | F22: 5 | G22: =MIN(D22:F22) -> 2 | H22: =MEDIAN(D22:F22) -> 4 | I22: =MAX(D22:F22) -> 5
A23: A1 | B23: Дашборд мониторинга инфраструктуры | C23: C3 (C) | D23: 5 | E23: 4 | F23: 5 | G23: =MIN(D23:F23) -> 4 | H23: =MEDIAN(D23:F23) -> 5 | I23: =MAX(D23:F23) -> 5
A24: A2 | B24: Менеджер секретов и конфигов | C24: C3 (C) | D24: 10 | E24: 9 | F24: 9 | G24: =MIN(D24:F24) -> 9 | H24: =MEDIAN(D24:F24) -> 9 | I24: =MAX(D24:F24) -> 10
... A42: A5 | B42: Каталог внутренней документации | C42: C6 (C) | D42: 5 | E42: 4 | F42: 4 | G42: =MIN(D42:F42) -> 4 | H42: =MEDIAN(D42:F42) -> 4 | I42: =MAX(D42:F42) -> 5

Sheet Колесникова
A1: Оценки эксперта: Колесникова А. (шкала 1–10)
A2: Важность критериев
A3: Код | B3: Критерий | D3: Оценка 1 | E3: Оценка 2 | F3: Оценка 3 | G3: l (пессим.) | H3: m (ожид.) | I3: u (оптим.)
A4: C1 | B4: Практическая польза | D4: 7 | E4: 6 | F4: 9 | G4: =MIN(D4:F4) -> 6 | H4: =MEDIAN(D4:F4) -> 7 | I4: =MAX(D4:F4) -> 9
A5: C2 | B5: Сложность реализации | D5: 4 | E5: 6 | F5: 5 | G5: =MIN(D5:F5) -> 4 | H5: =MEDIAN(D5:F5) -> 5 | I5: =MAX(D5:F5) -> 6
A6: C3 | B6: Технические риски | D6: 4 | E6: 3 | F6: 6 | G6: =MIN(D6:F6) -> 3 | H6: =MEDIAN(D6:F6) -> 4 | I6: =MAX(D6:F6) -> 6
A7: C4 | B7: Чёткость границ (10-15 юз-кейсов) | D7: 5 | E7: 7 | F7: 6 | G7: =MIN(D7:F7) -> 5 | H7: =MEDIAN(D7:F7) -> 6 | I7: =MAX(D7:F7) -> 7
A8: C5 | B8: Интерес команды | D8: 9 | E8: 8 | F8: 10 | G8: =MIN(D8:F8) -> 8 | H8: =MEDIAN(D8:F8) -> 9 | I8: =MAX(D8:F8) -> 10
A9: C6 | B9: Затраты на поддержку и инфраструктуру | D9: 2 | E9: 4 | F9: 3 | G9: =MIN(D9:F9) -> 2 | H9: =MEDIAN(D9:F9) -> 3 | I9: =MAX(D9:F9) -> 4
A11: Оценки альтернатив по критериям
A12: Альт. | B12: Название альтернативы | C12: Критерий | D12: Оценка 1 | E12: Оценка 2 | F12: Оценка 3 | G12: l (пессим.) | H12: m (ожид.) | I12: u (оптим.)
A13: A1 | B13: Дашборд мониторинга инфраструктуры | C13: C1 (B) | D13: 7 | E13: 8 | F13: 9 | G13: =MIN(D13:F13) -> 7 | H13: =MEDIAN(D13:F13) -> 8 | I13: =MAX(D13:F13) -> 9
A14: A2 | B14: Менеджер секретов и конфигов | C14: C1 (B) | D14: 4 | E14: 6 | F14: 6 | G14: =MIN(D14:F14) -> 4 | H14: =MEDIAN(D14:F14) -> 6 | I14: =MAX(D14:F14) -> 6
A15: A3 | B15: Трекер техдолга и задач | C15: C1 (B) | D15: 7 | E15: 7 | F15: 9 | G15: =MIN(D15:F15) -> 7 | H15: =MEDIAN(D15:F15) -> 7 | I15: =MAX(D15:F15) -> 9
A16: A4 | B16: Бот уведомлений CI/CD | C16: C1 (B) | D16: 3 | E16: 5 | F16: 6 | G16: =MIN(D16:F16) -> 3 | H16: =MEDIAN(D16:F16) -> 5 | I16: =MAX(D16:F16) -> 6
A17: A5 | B17: Каталог внутренней документации | C17: C1 (B) | D17: 7 | E17: 8 | F17: 10 | G17: =MIN(D17:F17) -> 7 | H17: =MEDIAN(D17:F17) -> 8 | I17: =MAX(D17:F17) -> 10
A18: A1 | B18: Дашборд мониторинга инфраструктуры | C18: C2 (C) | D18: 7 | E18: 6 | F18: 6 | G18: =MIN(D18:F18) -> 6 | H18: =MEDIAN(D18:F18) -> 6 | I18: =MAX(D18:F18) -> 7
A19: A2 | B19: Менеджер секретов и конфигов | C19: C2 (C) | D19: 10 | E19: 8 | F19: 9 | G19: =MIN(D19:F19) -> 8 | H19: =MEDIAN(D19:F19) -> 9 | I19: =MAX(D19:F19) -> 10
A20: A3 | B20: Трекер техдолга и задач | C20: C2 (C) | D20: 5 | E20: 3 | F20: 5 | G20: =MIN(D20:F20) -> 3 | H20: =MEDIAN(D20:F20) -> 5 | I20: =MAX(D20:F20) -> 5
A21: A4 | B21: Бот уведомлений CI/CD | C21: C2 (C) | D21: 5 | E21: 3 | F21: 3 | G21: =MIN(D21:F21) -> 3 | H21: =MEDIAN(D21:F21) -> 3 | I21: =MAX(D21:F21) -> 5
A22: A5 | B22: Каталог внутренней документации | C22: C2 (C) | D22: 5 | E22: 2 | F22: 4 | G22: =MIN(D22:F22) -> 2 | H22: =MEDIAN(D22:F22) -> 4 | I22: =MAX(D22:F22) -> 5
A23: A1 | B23: Дашборд мониторинга инфраструктуры | C23: C3 (C) | D23: 4 | E23: 5 | F23: 5 | G23: =MIN(D23:F23) -> 4 | H23: =MEDIAN(D23:F23) -> 5 | I23: =MAX(D23:F23) -> 5
A24: A2 | B24: Менеджер секретов и конфигов | C24: C3 (C) | D24: 8 | E24: 9 | F24: 8 | G24: =MIN(D24:F24) -> 8 | H24: =MEDIAN(D24:F24) -> 8 | I24: =MAX(D24:F24) -> 9
... A42: A5 | B42: Каталог внутренней документации | C42: C6 (C) | D42: 4 | E42: 4 | F42: 5 | G42: =MIN(D42:F42) -> 4 | H42: =MEDIAN(D42:F42) -> 4 | I42: =MAX(D42:F42) -> 5

Sheet Степаненко
A1: Оценки эксперта: Степаненко А. (шкала 1–10)
A2: Важность критериев
A3: Код | B3: Критерий | D3: Оценка 1 | E3: Оценка 2 | F3: Оценка 3 | G3: l (пессим.) | H3: m (ожид.) | I3: u (оптим.)
A4: C1 | B4: Практическая польза | D4: 7 | E4: 6 | F4: 5 | G4: =MIN(D4:F4) -> 5 | H4: =MEDIAN(D4:F4) -> 6 | I4: =MAX(D4:F4) -> 7
A5: C2 | B5: Сложность реализации | D5: 10 | E5: 8 | F5: 9 | G5: =MIN(D5:F5) -> 8 | H5: =MEDIAN(D5:F5) -> 9 | I5: =MAX(D5:F5) -> 10
A6: C3 | B6: Технические риски | D6: 8 | E6: 7 | F6: 6 | G6: =MIN(D6:F6) -> 6 | H6: =MEDIAN(D6:F6) -> 7 | I6: =MAX(D6:F6) -> 8
A7: C4 | B7: Чёткость границ (10-15 юз-кейсов) | D7: 9 | E7: 7 | F7: 8 | G7: =MIN(D7:F7) -> 7 | H7: =MEDIAN(D7:F7) -> 8 | I7: =MAX(D7:F7) -> 9
A8: C5 | B8: Интерес команды | D8: 5 | E8: 4 | F8: 3 | G8: =MIN(D8:F8) -> 3 | H8: =MEDIAN(D8:F8) -> 4 | I8: =MAX(D8:F8) -> 5
A9: C6 | B9: Затраты на поддержку и инфраструктуру | D9: 7 | E9: 4 | F9: 5 | G9: =MIN(D9:F9) -> 4 | H9: =MEDIAN(D9:F9) -> 5 | I9: =MAX(D9:F9) -> 7
A11: Оценки альтернатив по критериям
A12: Альт. | B12: Название альтернативы | C12: Критерий | D12: Оценка 1 | E12: Оценка 2 | F12: Оценка 3 | G12: l (пессим.) | H12: m (ожид.) | I12: u (оптим.)
A13: A1 | B13: Дашборд мониторинга инфраструктуры | C13: C1 (B) | D13: 8 | E13: 6 | F13: 7 | G13: =MIN(D13:F13) -> 6 | H13: =MEDIAN(D13:F13) -> 7 | I13: =MAX(D13:F13) -> 8
A14: A2 | B14: Менеджер секретов и конфигов | C14: C1 (B) | D14: 8 | E14: 6 | F14: 8 | G14: =MIN(D14:F14) -> 6 | H14: =MEDIAN(D14:F14) -> 8 | I14: =MAX(D14:F14) -> 8
A15: A3 | B15: Трекер техдолга и задач | C15: C1 (B) | D15: 8 | E15: 6 | F15: 6 | G15: =MIN(D15:F15) -> 6 | H15: =MEDIAN(D15:F15) -> 6 | I15: =MAX(D15:F15) -> 8
A16: A4 | B16: Бот уведомлений CI/CD | C16: C1 (B) | D16: 7 | E16: 4 | F16: 6 | G16: =MIN(D16:F16) -> 4 | H16: =MEDIAN(D16:F16) -> 6 | I16: =MAX(D16:F16) -> 7
A17: A5 | B17: Каталог внутренней документации | C17: C1 (B) | D17: 9 | E17: 6 | F17: 7 | G17: =MIN(D17:F17) -> 6 | H17: =MEDIAN(D17:F17) -> 7 | I17: =MAX(D17:F17) -> 9
A18: A1 | B18: Дашборд мониторинга инфраструктуры | C18: C2 (C) | D18: 8 | E18: 9 | F18: 8 | G18: =MIN(D18:F18) -> 8 | H18: =MEDIAN(D18:F18) -> 8 | I18: =MAX(D18:F18) -> 9
A19: A2 | B19: Менеджер секретов и конфигов | C19: C2 (C) | D19: 8 | E19: 10 | F19: 9 | G19: =MIN(D19:F19) -> 8 | H19: =MEDIAN(D19:F19) -> 9 | I19: =MAX(D19:F19) -> 10
A20: A3 | B20: Трекер техдолга и задач | C20: C2 (C) | D20: 4 | E20: 6 | F20: 6 | G20: =MIN(D20:F20) -> 4 | H20: =MEDIAN(D20:F20) -> 6 | I20: =MAX(D20:F20) -> 6
A21: A4 | B21: Бот уведомлений CI/CD | C21: C2 (C) | D21: 2 | E21: 4 | F21: 2 | G21: =MIN(D21:F21) -> 2 | H21: =MEDIAN(D21:F21) -> 2 | I21: =MAX(D21:F21) -> 4
A22: A5 | B22: Каталог внутренней документации | C22: C2 (C) | D22: 2 | E22: 5 | F22: 4 | G22: =MIN(D22:F22) -> 2 | H22: =MEDIAN(D22:F22) -> 4 | I22: =MAX(D22:F22) -> 5
A23: A1 | B23: Дашборд мониторинга инфраструктуры | C23: C3 (C) | D23: 7 | E23: 7 | F23: 6 | G23: =MIN(D23:F23) -> 6 | H23: =MEDIAN(D23:F23) -> 7 | I23: =MAX(D23:F23) -> 7
A24: A2 | B24: Менеджер секретов и конфигов | C24: C3 (C) | D24: 10 | E24: 10 | F24: 10 | G24: =MIN(D24:F24) -> 10 | H24: =MEDIAN(D24:F24) -> 10 | I24: =MAX(D24:F24) -> 10
... A42: A5 | B42: Каталог внутренней документации | C42: C6 (C) | D42: 5 | E42: 5 | F42: 6 | G42: =MIN(D42:F42) -> 5 | H42: =MEDIAN(D42:F42) -> 5 | I42: =MAX(D42:F42) -> 6

Sheet Агрегация
A1: Агрегация мнений экспертов (l = min, m = среднее, u = max)
A3: Коллективные нечёткие веса критериев
A4: Код | B4: Критерий | C4: l | D4: m | E4: u
A5: C1 | B5: Практическая польза | C5: =MIN(Пашинский!G4,Колесникова!G4,Степаненко!G4) -> 5 | D5: =AVERAGE(Пашинский!H4,Колесникова!H4,Степаненко!H4) -> 7 | E5: =MAX(Пашинский!I4,Колесникова!I4,Степаненко!I4) -> 9
A6: C2 | B6: Сложность реализации | C6: =MIN(Пашинский!G5,Колесникова!G5,Степаненко!G5) -> 4 | D6: =AVERAGE(Пашинский!H5,Колесникова!H5,Степаненко!H5) -> 6.6666667 | E6: =MAX(Пашинский!I5,Колесникова!I5,Степаненко!I5) -> 10
A7: C3 | B7: Технические риски | C7: =MIN(Пашинский!G6,Колесникова!G6,Степаненко!G6) -> 3 | D7: =AVERAGE(Пашинский!H6,Колесникова!H6,Степаненко!H6) -> 6.3333333 | E7: =MAX(Пашинский!I6,Колесникова!I6,Степаненко!I6) -> 9
A8: C4 | B8: Чёткость границ (10-15 юз-кейсов) | C8: =MIN(Пашинский!G7,Колесникова!G7,Степаненко!G7) -> 4 | D8: =AVERAGE(Пашинский!H7,Колесникова!H7,Степаненко!H7) -> 6.3333333 | E8: =MAX(Пашинский!I7,Колесникова!I7,Степаненко!I7) -> 9
A9: C5 | B9: Интерес команды | C9: =MIN(Пашинский!G8,Колесникова!G8,Степаненко!G8) -> 3 | D9: =AVERAGE(Пашинский!H8,Колесникова!H8,Степаненко!H8) -> 6.6666667 | E9: =MAX(Пашинский!I8,Колесникова!I8,Степаненко!I8) -> 10
A10: C6 | B10: Затраты на поддержку и инфраструктуру | C10: =MIN(Пашинский!G9,Колесникова!G9,Степаненко!G9) -> 2 | D10: =AVERAGE(Пашинский!H9,Колесникова!H9,Степаненко!H9) -> 4 | E10: =MAX(Пашинский!I9,Колесникова!I9,Степаненко!I9) -> 7
A12: Коллективная нечёткая матрица решений
A13: Код | B13: Альтернатива | C13: C1 (B) | F13: C2 (C) | I13: C3 (C) | L13: C4 (B) | O13: C5 (B) | R13: C6 (C)
C14: l | D14: m | E14: u | F14: l | G14: m | H14: u | I14: l | J14: m | K14: u | L14: l | M14: m | N14: u | O14: l | P14: m | Q14: u | R14: l | S14: m | T14: u
A15: A1 | B15: Дашборд мониторинга инфраструктуры | C15: =MIN(Пашинский!G13,Колесникова!G13,Степаненко!G13) -> 6 | D15: =AVERAGE(Пашинский!H13,Колесникова!H13,Степаненко!H13) -> 8 | E15: =MAX(Пашинский!I13,Колесникова!I13,Степаненко!I13) -> 10 | F15: =MIN(Пашинский!G18,Колесникова!G18,Степаненко!G18) -> 6 | G15: =AVERAGE(Пашинский!H18,Колесникова!H18,Степаненко!H18) -> 6.6666667 | H15: =MAX(Пашинский!I18,Колесникова!I18,Степаненко!I18) -> 9 | I15: =MIN(Пашинский!G23,Колесникова!G23,Степаненко!G23) -> 4 | J15: =AVERAGE(Пашинский!H23,Колесникова!H23,Степаненко!H23) -> 5.6666667 | K15: =MAX(Пашинский!I23,Колесникова!I23,Степаненко!I23) -> 7 | L15: =MIN(Пашинский!G28,Колесникова!G28,Степаненко!G28) -> 4 | M15: =AVERAGE(Пашинский!H28,Колесникова!H28,Степаненко!H28) -> 6 | N15: =MAX(Пашинский!I28,Колесникова!I28,Степаненко!I28) -> 9 | O15: =MIN(Пашинский!G33,Колесникова!G33,Степаненко!G33) -> 5 | P15: =AVERAGE(Пашинский!H33,Колесникова!H33,Степаненко!H33) -> 8.3333333 | Q15: =MAX(Пашинский!I33,Колесникова!I33,Степаненко!I33) -> 10 | R15: =MIN(Пашинский!G38,Колесникова!G38,Степаненко!G38) -> 5 | S15: =AVERAGE(Пашинский!H38,Колесникова!H38,Степаненко!H38) -> 6 | T15: =MAX(Пашинский!I38,Колесникова!I38,Степаненко!I38) -> 9
A16: A2 | B16: Менеджер секретов и конфигов | C16: =MIN(Пашинский!G14,Колесникова!G14,Степаненко!G14) -> 4 | D16: =AVERAGE(Пашинский!H14,Колесникова!H14,Степаненко!H14) -> 7.6666667 | E16: =MAX(Пашинский!I14,Колесникова!I14,Степаненко!I14) -> 9 | F16: =MIN(Пашинский!G19,Колесникова!G19,Степаненко!G19) -> 7 | G16: =AVERAGE(Пашинский!H19,Колесникова!H19,Степаненко!H19) -> 8.6666667 | H16: =MAX(Пашинский!I19,Колесникова!I19,Степаненко!I19) -> 10 | I16: =MIN(Пашинский!G24,Колесникова!G24,Степаненко!G24) -> 8 | J16: =AVERAGE(Пашинский!H24,Колесникова!H24,Степаненко!H24) -> 9 | K16: =MAX(Пашинский!I24,Колесникова!I24,Степаненко!I24) -> 10 | L16: =MIN(Пашинский!G29,Колесникова!G29,Степаненко!G29) -> 4 | M16: =AVERAGE(Пашинский!H29,Колесникова!H29,Степаненко!H29) -> 5.6666667 | N16: =MAX(Пашинский!I29,Колесникова!I29,Степаненко!I29) -> 6 | O16: =MIN(Пашинский!G34,Колесникова!G34,Степаненко!G34) -> 4 | P16: =AVERAGE(Пашинский!H34,Колесникова!H34,Степаненко!H34) -> 6.3333333 | Q16: =MAX(Пашинский!I34,Колесникова!I34,Степаненко!I34) -> 10 | R16: =MIN(Пашинский!G39,Колесникова!G39,Степаненко!G39) -> 5 | S16: =AVERAGE(Пашинский!H39,Колесникова!H39,Степаненко!H39) -> 7.3333333 | T16: =MAX(Пашинский!I39,Колесникова!I39,Степаненко!I39) -> 9
A17: A3 | B17: Трекер техдолга и задач | C17: =MIN(Пашинский!G15,Колесникова!G15,Степаненко!G15) -> 6 | D17: =AVERAGE(Пашинский!H15,Колесникова!H15,Степаненко!H15) -> 6.3333333 | E17: =MAX(Пашинский!I15,Колесникова!I15,Степаненко!I15) -> 9 | F17: =MIN(Пашинский!G20,Колесникова!G20,Степаненко!G20) -> 3 | G17: =AVERAGE(Пашинский!H20,Колесникова!H20,Степаненко!H20) -> 5.3333333 | H17: =MAX(Пашинский!I20,Колесникова!I20,Степаненко!I20) -> 6 | I17: =MIN(Пашинский!G25,Колесникова!G25,Степаненко!G25) -> 2 | J17: =AVERAGE(Пашинский!H25,Колесникова!H25,Степаненко!H25) -> 4 | K17: =MAX(Пашинский!I25,Колесникова!I25,Степаненко!I25) -> 6 | L17: =MIN(Пашинский!G30,Колесникова!G30,Степаненко!G30) -> 7 | M17: =AVERAGE(Пашинский!H30,Колесникова!H30,Степаненко!H30) -> 8 | N17: =MAX(Пашинский!I30,Колесникова!I30,Степаненко!I30) -> 10 | O17: =MIN(Пашинский!G35,Колесникова!G35,Степаненко!G35) -> 3 | P17: =AVERAGE(Пашинский!H35,Колесникова!H35,Степаненко!H35) -> 5 | Q17: =MAX(Пашинский!I35,Колесникова!I35,Степаненко!I35) -> 6 | R17: =MIN(Пашинский!G40,Колесникова!G40,Степаненко!G40) -> 2 | S17: =AVERAGE(Пашинский!H40,Колесникова!H40,Степаненко!H40) -> 3.3333333 | T17: =MAX(Пашинский!I40,Колесникова!I40,Степаненко!I40) -> 6
A18: A4 | B18: Бот уведомлений CI/CD | C18: =MIN(Пашинский!G16,Колесникова!G16,Степаненко!G16) -> 3 | D18: =AVERAGE(Пашинский!H16,Колесникова!H16,Степаненко!H16) -> 6 | E18: =MAX(Пашинский!I16,Колесникова!I16,Степаненко!I16) -> 8 | F18: =MIN(Пашинский!G21,Колесникова!G21,Степаненко!G21) -> 2 | G18: =AVERAGE(Пашинский!H21,Колесникова!H21,Степаненко!H21) -> 2.6666667 | H18: =MAX(Пашинский!I21,Колесникова!I21,Степаненко!I21) -> 5 | I18: =MIN(Пашинский!G26,Колесникова!G26,Степаненко!G26) -> 1 | J18: =AVERAGE(Пашинский!H26,Колесникова!H26,Степаненко!H26) -> 3.6666667 | K18: =MAX(Пашинский!I26,Колесникова!I26,Степаненко!I26) -> 4 | L18: =MIN(Пашинский!G31,Колесникова!G31,Степаненко!G31) -> 4 | M18: =AVERAGE(Пашинский!H31,Колесникова!H31,Степаненко!H31) -> 6 | N18: =MAX(Пашинский!I31,Колесникова!I31,Степаненко!I31) -> 8 | O18: =MIN(Пашинский!G36,Колесникова!G36,Степаненко!G36) -> 5 | P18: =AVERAGE(Пашинский!H36,Колесникова!H36,Степаненко!H36) -> 6 | Q18: =MAX(Пашинский!I36,Колесникова!I36,Степаненко!I36) -> 8 | R18: =MIN(Пашинский!G41,Колесникова!G41,Степаненко!G41) -> 1 | S18: =AVERAGE(Пашинский!H41,Колесникова!H41,Степаненко!H41) -> 2.6666667 | T18: =MAX(Пашинский!I41,Колесникова!I41,Степаненко!I41) -> 3
A19: A5 | B19: Каталог внутренней документации | C19: =MIN(Пашинский!G17,Колесникова!G17,Степаненко!G17) -> 5 | D19: =AVERAGE(Пашинский!H17,Колесникова!H17,Степаненко!H17) -> 7 | E19: =MAX(Пашинский!I17,Колесникова!I17,Степаненко!I17) -> 10 | F19: =MIN(Пашинский!G22,Колесникова!G22,Степаненко!G22) -> 2 | G19: =AVERAGE(Пашинский!H22,Колесникова!H22,Степаненко!H22) -> 4 | H19: =MAX(Пашинский!I22,Колесникова!I22,Степаненко!I22) -> 5 | I19: =MIN(Пашинский!G27,Колесникова!G27,Степаненко!G27) -> 3 | J19: =AVERAGE(Пашинский!H27,Колесникова!H27,Степаненко!H27) -> 3 | K19: =MAX(Пашинский!I27,Колесникова!I27,Степаненко!I27) -> 5 | L19: =MIN(Пашинский!G32,Колесникова!G32,Степаненко!G32) -> 5 | M19: =AVERAGE(Пашинский!H32,Колесникова!H32,Степаненко!H32) -> 7.6666667 | N19: =MAX(Пашинский!I32,Колесникова!I32,Степаненко!I32) -> 8 | O19: =MIN(Пашинский!G37,Колесникова!G37,Степаненко!G37) -> 2 | P19: =AVERAGE(Пашинский!H37,Колесникова!H37,Степаненко!H37) -> 4 | Q19: =MAX(Пашинский!I37,Колесникова!I37,Степаненко!I37) -> 6 | R19: =MIN(Пашинский!G42,Колесникова!G42,Степаненко!G42) -> 4 | S19: =AVERAGE(Пашинский!H42,Колесникова!H42,Степаненко!H42) -> 4.3333333 | T19: =MAX(Пашинский!I42,Колесникова!I42,Степаненко!I42) -> 6
B20: Опорное значение: max u (тип B) или min l (тип C) | C20: =IF(C21="B",MAX(E15:E19),MIN(C15:C19)) -> 10 | F20: =IF(F21="B",MAX(H15:H19),MIN(F15:F19)) -> 2 | I20: =IF(I21="B",MAX(K15:K19),MIN(I15:I19)) -> 1 | L20: =IF(L21="B",MAX(N15:N19),MIN(L15:L19)) -> 10 | O20: =IF(O21="B",MAX(Q15:Q19),MIN(O15:O19)) -> 10 | R20: =IF(R21="B",MAX(T15:T19),MIN(R15:R19)) -> 1
B21: Тип критерия (из листа «Описание») | C21: =Описание!C18 -> B | F21: =Описание!C19 -> C | I21: =Описание!C20 -> C | L21: =Описание!C21 -> B | O21: =Описание!C22 -> B | R21: =Описание!C23 -> C

Sheet Нормализация
A1: Нормализованная нечёткая матрица (тип B: делим на max u; тип C: min l делим на значение, l и u меняются местами)
A3: Код | B3: Альтернатива | C3: C1 (B) | F3: C2 (C) | I3: C3 (C) | L3: C4 (B) | O3: C5 (B) | R3: C6 (C)
C4: l | D4: m | E4: u | F4: l | G4: m | H4: u | I4: l | J4: m | K4: u | L4: l | M4: m | N4: u | O4: l | P4: m | Q4: u | R4: l | S4: m | T4: u
A5: A1 | B5: Дашборд мониторинга инфраструктуры | C5: =IF(Агрегация!$C$21="B",Агрегация!C15/Агрегация!$C$20,Агрегация!$C$20/Агрегация!E15) -> 0.6 | D5: =IF(Агрегация!$C$21="B",Агрегация!D15/Агрегация!$C$20,Агрегация!$C$20/Агрегация!D15) -> 0.8 | E5: =IF(Агрегация!$C$21="B",Агрегация!E15/Агрегация!$C$20,Агрегация!$C$20/Агрегация!C15) -> 1 | F5: =IF(Агрегация!$F$21="B",Агрегация!F15/Агрегация!$F$20,Агрегация!$F$20/Агрегация!H15) -> 0.22222222 | G5: =IF(Агрегация!$F$21="B",Агрегация!G15/Агрегация!$F$20,Агрегация!$F$20/Агрегация!G15) -> 0.3 | H5: =IF(Агрегация!$F$21="B",Агрегация!H15/Агрегация!$F$20,Агрегация!$F$20/Агрегация!F15) -> 0.33333333 | I5: =IF(Агрегация!$I$21="B",Агрегация!I15/Агрегация!$I$20,Агрегация!$I$20/Агрегация!K15) -> 0.14285714 | J5: =IF(Агрегация!$I$21="B",Агрегация!J15/Агрегация!$I$20,Агрегация!$I$20/Агрегация!J15) -> 0.17647059 | K5: =IF(Агрегация!$I$21="B",Агрегация!K15/Агрегация!$I$20,Агрегация!$I$20/Агрегация!I15) -> 0.25 | L5: =IF(Агрегация!$L$21="B",Агрегация!L15/Агрегация!$L$20,Агрегация!$L$20/Агрегация!N15) -> 0.4 | M5: =IF(Агрегация!$L$21="B",Агрегация!M15/Агрегация!$L$20,Агрегация!$L$20/Агрегация!M15) -> 0.6 | N5: =IF(Агрегация!$L$21="B",Агрегация!N15/Агрегация!$L$20,Агрегация!$L$20/Агрегация!L15) -> 0.9 | O5: =IF(Агрегация!$O$21="B",Агрегация!O15/Агрегация!$O$20,Агрегация!$O$20/Агрегация!Q15) -> 0.5 | P5: =IF(Агрегация!$O$21="B",Агрегация!P15/Агрегация!$O$20,Агрегация!$O$20/Агрегация!P15) -> 0.83333333 | Q5: =IF(Агрегация!$O$21="B",Агрегация!Q15/Агрегация!$O$20,Агрегация!$O$20/Агрегация!O15) -> 1 | R5: =IF(Агрегация!$R$21="B",Агрегация!R15/Агрегация!$R$20,Агрегация!$R$20/Агрегация!T15) -> 0.11111111 | S5: =IF(Агрегация!$R$21="B",Агрегация!S15/Агрегация!$R$20,Агрегация!$R$20/Агрегация!S15) -> 0.16666667 | T5: =IF(Агрегация!$R$21="B",Агрегация!T15/Агрегация!$R$20,Агрегация!$R$20/Агрегация!R15) -> 0.2
A6: A2 | B6: Менеджер секретов и конфигов | C6: =IF(Агрегация!$C$21="B",Агрегация!C16/Агрегация!$C$20,Агрегация!$C$20/Агрегация!E16) -> 0.4 | D6: =IF(Агрегация!$C$21="B",Агрегация!D16/Агрегация!$C$20,Агрегация!$C$20/Агрегация!D16) -> 0.76666667 | E6: =IF(Агрегация!$C$21="B",Агрегация!E16/Агрегация!$C$20,Агрегация!$C$20/Агрегация!C16) -> 0.9 | F6: =IF(Агрегация!$F$21="B",Агрегация!F16/Агрегация!$F$20,Агрегация!$F$20/Агрегация!H16) -> 0.2 | G6: =IF(Агрегация!$F$21="B",Агрегация!G16/Агрегация!$F$20,Агрегация!$F$20/Агрегация!G16) -> 0.23076923 | H6: =IF(Агрегация!$F$21="B",Агрегация!H16/Агрегация!$F$20,Агрегация!$F$20/Агрегация!F16) -> 0.28571429 | I6: =IF(Агрегация!$I$21="B",Агрегация!I16/Агрегация!$I$20,Агрегация!$I$20/Агрегация!K16) -> 0.1 | J6: =IF(Агрегация!$I$21="B",Агрегация!J16/Агрегация!$I$20,Агрегация!$I$20/Агрегация!J16) -> 0.11111111 | K6: =IF(Агрегация!$I$21="B",Агрегация!K16/Агрегация!$I$20,Агрегация!$I$20/Агрегация!I16) -> 0.125 | L6: =IF(Агрегация!$L$21="B",Агрегация!L16/Агрегация!$L$20,Агрегация!$L$20/Агрегация!N16) -> 0.4 | M6: =IF(Агрегация!$L$21="B",Агрегация!M16/Агрегация!$L$20,Агрегация!$L$20/Агрегация!M16) -> 0.56666667 | N6: =IF(Агрегация!$L$21="B",Агрегация!N16/Агрегация!$L$20,Агрегация!$L$20/Агрегация!L16) -> 0.6 | O6: =IF(Агрегация!$O$21="B",Агрегация!O16/Агрегация!$O$20,Агрегация!$O$20/Агрегация!Q16) -> 0.4 | P6: =IF(Агрегация!$O$21="B",Агрегация!P16/Агрегация!$O$20,Агрегация!$O$20/Агрегация!P16) -> 0.63333333 | Q6: =IF(Агрегация!$O$21="B",Агрегация!Q16/Агрегация!$O$20,Агрегация!$O$20/Агрегация!O16) -> 1 | R6: =IF(Агрегация!$R$21="B",Агрегация!R16/Агрегация!$R$20,Агрегация!$R$20/Агрегация!T16) -> 0.11111111 | S6: =IF(Агрегация!$R$21="B",Агрегация!S16/Агрегация!$R$20,Агрегация!$R$20/Агрегация!S16) -> 0.13636364 | T6: =IF(Агрегация!$R$21="B",Агрегация!T16/Агрегация!$R$20,Агрегация!$R$20/Агрегация!R16) -> 0.2
A7: A3 | B7: Трекер техдолга и задач | C7: =IF(Агрегация!$C$21="B",Агрегация!C17/Агрегация!$C$20,Агрегация!$C$20/Агрегация!E17) -> 0.6 | D7: =IF(Агрегация!$C$21="B",Агрегация!D17/Агрегация!$C$20,Агрегация!$C$20/Агрегация!D17) -> 0.63333333 | E7: =IF(Агрегация!$C$21="B",Агрегация!E17/Агрегация!$C$20,Агрегация!$C$20/Агрегация!C17) -> 0.9 | F7: =IF(Агрегация!$F$21="B",Агрегация!F17/Агрегация!$F$20,Агрегация!$F$20/Агрегация!H17) -> 0.33333333 | G7: =IF(Агрегация!$F$21="B",Агрегация!G17/Агрегация!$F$20,Агрегация!$F$20/Агрегация!G17) -> 0.375 | H7: =IF(Агрегация!$F$21="B",Агрегация!H17/Агрегация!$F$20,Агрегация!$F$20/Агрегация!F17) -> 0.66666667 | I7: =IF(Агрегация!$I$21="B",Агрегация!I17/Агрегация!$I$20,Агрегация!$I$20/Агрегация!K17) -> 0.16666667 | J7: =IF(Агрегация!$I$21="B",Агрегация!J17/Агрегация!$I$20,Агрегация!$I$20/Агрегация!J17) -> 0.25 | K7: =IF(Агрегация!$I$21="B",Агрегация!K17/Агрегация!$I$20,Агрегация!$I$20/Агрегация!I17) -> 0.5 | L7: =IF(Агрегация!$L$21="B",Агрегация!L17/Агрегация!$L$20,Агрегация!$L$20/Агрегация!N17) -> 0.7 | M7: =IF(Агрегация!$L$21="B",Агрегация!M17/Агрегация!$L$20,Агрегация!$L$20/Агрегация!M17) -> 0.8 | N7: =IF(Агрегация!$L$21="B",Агрегация!N17/Агрегация!$L$20,Агрегация!$L$20/Агрегация!L17) -> 1 | O7: =IF(Агрегация!$O$21="B",Агрегация!O17/Агрегация!$O$20,Агрегация!$O$20/Агрегация!Q17) -> 0.3 | P7: =IF(Агрегация!$O$21="B",Агрегация!P17/Агрегация!$O$20,Агрегация!$O$20/Агрегация!P17) -> 0.5 | Q7: =IF(Агрегация!$O$21="B",Агрегация!Q17/Агрегация!$O$20,Агрегация!$O$20/Агрегация!O17) -> 0.6 | R7: =IF(Агрегация!$R$21="B",Агрегация!R17/Агрегация!$R$20,Агрегация!$R$20/Агрегация!T17) -> 0.16666667 | S7: =IF(Агрегация!$R$21="B",Агрегация!S17/Агрегация!$R$20,Агрегация!$R$20/Агрегация!S17) -> 0.3 | T7: =IF(Агрегация!$R$21="B",Агрегация!T17/Агрегация!$R$20,Агрегация!$R$20/Агрегация!R17) -> 0.5
A8: A4 | B8: Бот уведомлений CI/CD | C8: =IF(Агрегация!$C$21="B",Агрегация!C18/Агрегация!$C$20,Агрегация!$C$20/Агрегация!E18) -> 0.3 | D8: =IF(Агрегация!$C$21="B",Агрегация!D18/Агрегация!$C$20,Агрегация!$C$20/Агрегация!D18) -> 0.6 | E8: =IF(Агрегация!$C$21="B",Агрегация!E18/Агрегация!$C$20,Агрегация!$C$20/Агрегация!C18) -> 0.8 | F8: =IF(Агрегация!$F$21="B",Агрегация!F18/Агрегация!$F$20,Агрегация!$F$20/Агрегация!H18) -> 0.4 | G8: =IF(Агрегация!$F$21="B",Агрегация!G18/Агрегация!$F$20,Агрегация!$F$20/Агрегация!G18) -> 0.75 | H8: =IF(Агрегация!$F$21="B",Агрегация!H18/Агрегация!$F$20,Агрегация!$F$20/Агрегация!F18) -> 1 | I8: =IF(Агрегация!$I$21="B",Агрегация!I18/Агрегация!$I$20,Агрегация!$I$20/Агрегация!K18) -> 0.25 | J8: =IF(Агрегация!$I$21="B",Агрегация!J18/Агрегация!$I$20,Агрегация!$I$20/Агрегация!J18) -> 0.27272727 | K8: =IF(Агрегация!$I$21="B",Агрегация!K18/Агрегация!$I$20,Агрегация!$I$20/Агрегация!I18) -> 1 | L8: =IF(Агрегация!$L$21="B",Агрегация!L18/Агрегация!$L$20,Агрегация!$L$20/Агрегация!N18) -> 0.4 | M8: =IF(Агрегация!$L$21="B",Агрегация!M18/Агрегация!$L$20,Агрегация!$L$20/Агрегация!M18) -> 0.6 | N8: =IF(Агрегация!$L$21="B",Агрегация!N18/Агрегация!$L$20,Агрегация!$L$20/Агрегация!L18) -> 0.8 | O8: =IF(Агрегация!$O$21="B",Агрегация!O18/Агрегация!$O$20,Агрегация!$O$20/Агрегация!Q18) -> 0.5 | P8: =IF(Агрегация!$O$21="B",Агрегация!P18/Агрегация!$O$20,Агрегация!$O$20/Агрегация!P18) -> 0.6 | Q8: =IF(Агрегация!$O$21="B",Агрегация!Q18/Агрегация!$O$20,Агрегация!$O$20/Агрегация!O18) -> 0.8 | R8: =IF(Агрегация!$R$21="B",Агрегация!R18/Агрегация!$R$20,Агрегация!$R$20/Агрегация!T18) -> 0.33333333 | S8: =IF(Агрегация!$R$21="B",Агрегация!S18/Агрегация!$R$20,Агрегация!$R$20/Агрегация!S18) -> 0.375 | T8: =IF(Агрегация!$R$21="B",Агрегация!T18/Агрегация!$R$20,Агрегация!$R$20/Агрегация!R18) -> 1
A9: A5 | B9: Каталог внутренней документации | C9: =IF(Агрегация!$C$21="B",Агрегация!C19/Агрегация!$C$20,Агрегация!$C$20/Агрегация!E19) -> 0.5 | D9: =IF(Агрегация!$C$21="B",Агрегация!D19/Агрегация!$C$20,Агрегация!$C$20/Агрегация!D19) -> 0.7 | E9: =IF(Агрегация!$C$21="B",Агрегация!E19/Агрегация!$C$20,Агрегация!$C$20/Агрегация!C19) -> 1 | F9: =IF(Агрегация!$F$21="B",Агрегация!F19/Агрегация!$F$20,Агрегация!$F$20/Агрегация!H19) -> 0.4 | G9: =IF(Агрегация!$F$21="B",Агрегация!G19/Агрегация!$F$20,Агрегация!$F$20/Агрегация!G19) -> 0.5 | H9: =IF(Агрегация!$F$21="B",Агрегация!H19/Агрегация!$F$20,Агрегация!$F$20/Агрегация!F19) -> 1 | I9: =IF(Агрегация!$I$21="B",Агрегация!I19/Агрегация!$I$20,Агрегация!$I$20/Агрегация!K19) -> 0.2 | J9: =IF(Агрегация!$I$21="B",Агрегация!J19/Агрегация!$I$20,Агрегация!$I$20/Агрегация!J19) -> 0.33333333 | K9: =IF(Агрегация!$I$21="B",Агрегация!K19/Агрегация!$I$20,Агрегация!$I$20/Агрегация!I19) -> 0.33333333 | L9: =IF(Агрегация!$L$21="B",Агрегация!L19/Агрегация!$L$20,Агрегация!$L$20/Агрегация!N19) -> 0.5 | M9: =IF(Агрегация!$L$21="B",Агрегация!M19/Агрегация!$L$20,Агрегация!$L$20/Агрегация!M19) -> 0.76666667 | N9: =IF(Агрегация!$L$21="B",Агрегация!N19/Агрегация!$L$20,Агрегация!$L$20/Агрегация!L19) -> 0.8 | O9: =IF(Агрегация!$O$21="B",Агрегация!O19/Агрегация!$O$20,Агрегация!$O$20/Агрегация!Q19) -> 0.2 | P9: =IF(Агрегация!$O$21="B",Агрегация!P19/Агрегация!$O$20,Агрегация!$O$20/Агрегация!P19) -> 0.4 | Q9: =IF(Агрегация!$O$21="B",Агрегация!Q19/Агрегация!$O$20,Агрегация!$O$20/Агрегация!O19) -> 0.6 | R9: =IF(Агрегация!$R$21="B",Агрегация!R19/Агрегация!$R$20,Агрегация!$R$20/Агрегация!T19) -> 0.16666667 | S9: =IF(Агрегация!$R$21="B",Агрегация!S19/Агрегация!$R$20,Агрегация!$R$20/Агрегация!S19) -> 0.23076923 | T9: =IF(Агрегация!$R$21="B",Агрегация!T19/Агрегация!$R$20,Агрегация!$R$20/Агрегация!R19) -> 0.25

Sheet Взвешенная
A1: Взвешенная нормализованная матрица: v = r × (вес / максимум шкалы)
A3: Код | B3: Альтернатива | C3: C1 (B) | F3: C2 (C) | I3: C3 (C) | L3: C4 (B) | O3: C5 (B) | R3: C6 (C)
C4: l | D4: m | E4: u | F4: l | G4: m | H4: u | I4: l | J4: m | K4: u | L4: l | M4: m | N4: u | O4: l | P4: m | Q4: u | R4: l | S4: m | T4: u
A5: A1 | B5: Дашборд мониторинга инфраструктуры | C5: =Нормализация!C5*Агрегация!$C$5/Описание!$C$34 -> 0.3 | D5: =Нормализация!D5*Агрегация!$D$5/Описание!$C$34 -> 0.56 | E5: =Нормализация!E5*Агрегация!$E$5/Описание!$C$34 -> 0.9 | F5: =Нормализация!F5*Агрегация!$C$6/Описание!$C$34 -> 0.088888889 | G5: =Нормализация!G5*Агрегация!$D$6/Описание!$C$34 -> 0.2 | H5: =Нормализация!H5*Агрегация!$E$6/Описание!$C$34 -> 0.33333333 | I5: =Нормализация!I5*Агрегация!$C$7/Описание!$C$34 -> 0.042857143 | J5: =Нормализация!J5*Агрегация!$D$7/Описание!$C$34 -> 0.11176471 | K5: =Нормализация!K5*Агрегация!$E$7/Описание!$C$34 -> 0.225 | L5: =Нормализация!L5*Агрегация!$C$8/Описание!$C$34 -> 0.16 | M5: =Нормализация!M5*Агрегация!$D$8/Описание!$C$34 -> 0.38 | N5: =Нормализация!N5*Агрегация!$E$8/Описание!$C$34 -> 0.81 | O5: =Нормализация!O5*Агрегация!$C$9/Описание!$C$34 -> 0.15 | P5: =Нормализация!P5*Агрегация!$D$9/Описание!$C$34 -> 0.55555556 | Q5: =Нормализация!Q5*Агрегация!$E$9/Описание!$C$34 -> 1 | R5: =Нормализация!R5*Агрегация!$C$10/Описание!$C$34 -> 0.022222222 | S5: =Нормализация!S5*Агрегация!$D$10/Описание!$C$34 -> 0.066666667 | T5: =Нормализация!T5*Агрегация!$E$10/Описание!$C$34 -> 0.14
A6: A2 | B6: Менеджер секретов и конфигов | C6: =Нормализация!C6*Агрегация!$C$5/Описание!$C$34 -> 0.2 | D6: =Нормализация!D6*Агрегация!$D$5/Описание!$C$34 -> 0.53666667 | E6: =Нормализация!E6*Агрегация!$E$5/Описание!$C$34 -> 0.81 | F6: =Нормализация!F6*Агрегация!$C$6/Описание!$C$34 -> 0.08 | G6: =Нормализация!G6*Агрегация!$D$6/Описание!$C$34 -> 0.15384615 | H6: =Нормализация!H6*Агрегация!$E$6/Описание!$C$34 -> 0.28571429 | I6: =Нормализация!I6*Агрегация!$C$7/Описание!$C$34 -> 0.03 | J6: =Нормализация!J6*Агрегация!$D$7/Описание!$C$34 -> 0.07037037 | K6: =Нормализация!K6*Агрегация!$E$7/Описание!$C$34 -> 0.1125 | L6: =Нормализация!L6*Агрегация!$C$8/Описание!$C$34 -> 0.16 | M6: =Нормализация!M6*Агрегация!$D$8/Описание!$C$34 -> 0.35888889 | N6: =Нормализация!N6*Агрегация!$E$8/Описание!$C$34 -> 0.54 | O6: =Нормализация!O6*Агрегация!$C$9/Описание!$C$34 -> 0.12 | P6: =Нормализация!P6*Агрегация!$D$9/Описание!$C$34 -> 0.42222222 | Q6: =Нормализация!Q6*Агрегация!$E$9/Описание!$C$34 -> 1 | R6: =Нормализация!R6*Агрегация!$C$10/Описание!$C$34 -> 0.022222222 | S6: =Нормализация!S6*Агрегация!$D$10/Описание!$C$34 -> 0.054545455 | T6: =Нормализация!T6*Агрегация!$E$10/Описание!$C$34 -> 0.14
A7: A3 | B7: Трекер техдолга и задач | C7: =Нормализация!C7*Агрегация!$C$5/Описание!$C$34 -> 0.3 | D7: =Нормализация!D7*Агрегация!$D$5/Описание!$C$34 -> 0.44333333 | E7: =Нормализация!E7*Агрегация!$E$5/Описание!$C$34 -> 0.81 | F7: =Нормализация!F7*Агрегация!$C$6/Описание!$C$34 -> 0.13333333 | G7: =Нормализация!G7*Агрегация!$D$6/Описание!$C$34 -> 0.25 | H7: =Нормализация!H7*Агрегация!$E$6/Описание!$C$34 -> 0.66666667 | I7: =Нормализация!I7*Агрегация!$C$7/Описание!$C$34 -> 0.05 | J7: =Нормализация!J7*Агрегация!$D$7/Описание!$C$34 -> 0.15833333 | K7: =Нормализация!K7*Агрегация!$E$7/Описание!$C$34 -> 0.45 | L7: =Нормализация!L7*Агрегация!$C$8/Описание!$C$34 -> 0.28 | M7: =Нормализация!M7*Агрегация!$D$8/Описание!$C$34 -> 0.50666667 | N7: =Нормализация!N7*Агрегация!$E$8/Описание!$C$34 -> 0.9 | O7: =Нормализация!O7*Агрегация!$C$9/Описание!$C$34 -> 0.09 | P7: =Нормализация!P7*Агрегация!$D$9/Описание!$C$34 -> 0.33333333 | Q7: =Нормализация!Q7*Агрегация!$E$9/Описание!$C$34 -> 0.6 | R7: =Нормализация!R7*Агрегация!$C$10/Описание!$C$34 -> 0.033333333 | S7: =Нормализация!S7*Агрегация!$D$10/Описание!$C$34 -> 0.12 | T7: =Нормализация!T7*Агрегация!$E$10/Описание!$C$34 -> 0.35
A8: A4 | B8: Бот уведомлений CI/CD | C8: =Нормализация!C8*Агрегация!$C$5/Описание!$C$34 -> 0.15 | D8: =Нормализация!D8*Агрегация!$D$5/Описание!$C$34 -> 0.42 | E8: =Нормализация!E8*Агрегация!$E$5/Описание!$C$34 -> 0.72 | F8: =Нормализация!F8*Агрегация!$C$6/Описание!$C$34 -> 0.16 | G8: =Нормализация!G8*Агрегация!$D$6/Описание!$C$34 -> 0.5 | H8: =Нормализация!H8*Агрегация!$E$6/Описание!$C$34 -> 1 | I8: =Нормализация!I8*Агрегация!$C$7/Описание!$C$34 -> 0.075 | J8: =Нормализация!J8*Агрегация!$D$7/Описание!$C$34 -> 0.17272727 | K8: =Нормализация!K8*Агрегация!$E$7/Описание!$C$34 -> 0.9 | L8: =Нормализация!L8*Агрегация!$C$8/Описание!$C$34 -> 0.16 | M8: =Нормализация!M8*Агрегация!$D$8/Описание!$C$34 -> 0.38 | N8: =Нормализация!N8*Агрегация!$E$8/Описание!$C$34 -> 0.72 | O8: =Нормализация!O8*Агрегация!$C$9/Описание!$C$34 -> 0.15 | P8: =Нормализация!P8*Агрегация!$D$9/Описание!$C$34 -> 0.4 | Q8: =Нормализация!Q8*Агрегация!$E$9/Описание!$C$34 -> 0.8 | R8: =Нормализация!R8*Агрегация!$C$10/Описание!$C$34 -> 0.066666667 | S8: =Нормализация!S8*Агрегация!$D$10/Описание!$C$34 -> 0.15 | T8: =Нормализация!T8*Агрегация!$E$10/Описание!$C$34 -> 0.7
A9: A5 | B9: Каталог внутренней документации | C9: =Нормализация!C9*Агрегация!$C$5/Описание!$C$34 -> 0.25 | D9: =Нормализация!D9*Агрегация!$D$5/Описание!$C$34 -> 0.49 | E9: =Нормализация!E9*Агрегация!$E$5/Описание!$C$34 -> 0.9 | F9: =Нормализация!F9*Агрегация!$C$6/Описание!$C$34 -> 0.16 | G9: =Нормализация!G9*Агрегация!$D$6/Описание!$C$34 -> 0.33333333 | H9: =Нормализация!H9*Агрегация!$E$6/Описание!$C$34 -> 1 | I9: =Нормализация!I9*Агрегация!$C$7/Описание!$C$34 -> 0.06 | J9: =Нормализация!J9*Агрегация!$D$7/Описание!$C$34 -> 0.21111111 | K9: =Нормализация!K9*Агрегация!$E$7/Описание!$C$34 -> 0.3 | L9: =Нормализация!L9*Агрегация!$C$8/Описание!$C$34 -> 0.2 | M9: =Нормализация!M9*Агрегация!$D$8/Описание!$C$34 -> 0.48555556 | N9: =Нормализация!N9*Агрегация!$E$8/Описание!$C$34 -> 0.72 | O9: =Нормализация!O9*Агрегация!$C$9/Описание!$C$34 -> 0.06 | P9: =Нормализация!P9*Агрегация!$D$9/Описание!$C$34 -> 0.26666667 | Q9: =Нормализация!Q9*Агрегация!$E$9/Описание!$C$34 -> 0.6 | R9: =Нормализация!R9*Агрегация!$C$10/Описание!$C$34 -> 0.033333333 | S9: =Нормализация!S9*Агрегация!$D$10/Описание!$C$34 -> 0.092307692 | T9: =Нормализация!T9*Агрегация!$E$10/Описание!$C$34 -> 0.175

Sheet Расстояния
A1: Расстояния до идеального (1,1,1) и антиидеального (0,0,0) решений по каждому критерию
A3: Код | B3: Альтернатива | C3: C1 | E3: C2 | G3: C3 | I3: C4 | K3: C5 | M3: C6 | O3: Σ d+ | P3: Σ d−
C4: d+ | D4: d− | E4: d+ | F4: d− | G4: d+ | H4: d− | I4: d+ | J4: d− | K4: d+ | L4: d− | M4: d+ | N4: d−
A5: A1 | B5: Дашборд мониторинга инфраструктуры | C5: =SQRT(((Взвешенная!C5-1)^2+(Взвешенная!D5-1)^2+(Взвешенная!E5-1)^2)/3) -> 0.48083261 | D5: =SQRT(((Взвешенная!C5)^2+(Взвешенная!D5)^2+(Взвешенная!E5)^2)/3) -> 0.63602935 | E5: =SQRT(((Взвешенная!F5-1)^2+(Взвешенная!G5-1)^2+(Взвешенная!H5-1)^2)/3) -> 0.79886751 | F5: =SQRT(((Взвешенная!F5)^2+(Взвешенная!G5)^2+(Взвешенная!H5)^2)/3) -> 0.23022623 | G5: =SQRT(((Взвешенная!I5-1)^2+(Взвешенная!J5-1)^2+(Взвешенная!K5-1)^2)/3) -> 0.87668113 | H5: =SQRT(((Взвешенная!I5)^2+(Взвешенная!J5)^2+(Взвешенная!K5)^2)/3) -> 0.14714288 | I5: =SQRT(((Взвешенная!L5-1)^2+(Взвешенная!M5-1)^2+(Взвешенная!N5-1)^2)/3) -> 0.61267174 | J5: =SQRT(((Взвешенная!L5)^2+(Взвешенная!M5)^2+(Взвешенная!N5)^2)/3) -> 0.52475391 | K5: =SQRT(((Взвешенная!O5-1)^2+(Взвешенная!P5-1)^2+(Взвешенная!Q5-1)^2)/3) -> 0.55378421 | L5: =SQRT(((Взвешенная!O5)^2+(Взвешенная!P5)^2+(Взвешенная!Q5)^2)/3) -> 0.6661186 | M5: =SQRT(((Взвешенная!R5-1)^2+(Взвешенная!S5-1)^2+(Взвешенная!T5-1)^2)/3) -> 0.92497937 | N5: =SQRT(((Взвешенная!R5)^2+(Взвешенная!S5)^2+(Взвешенная!T5)^2)/3) -> 0.090440167 | O5: =C5+E5+G5+I5+K5+M5 -> 4.2478166 | P5: =D5+F5+H5+J5+L5+N5 -> 2.2947111
A6: A2 | B6: Менеджер секретов и конфигов | C6: =SQRT(((Взвешенная!C6-1)^2+(Взвешенная!D6-1)^2+(Взвешенная!E6-1)^2)/3) -> 0.5449091 | D6: =SQRT(((Взвешенная!C6)^2+(Взвешенная!D6)^2+(Взвешенная!E6)^2)/3) -> 0.57274518 | E6: =SQRT(((Взвешенная!F6-1)^2+(Взвешенная!G6-1)^2+(Взвешенная!H6-1)^2)/3) -> 0.83117997 | F6: =SQRT(((Взвешенная!F6)^2+(Взвешенная!G6)^2+(Взвешенная!H6)^2)/3) -> 0.19296052 | G6: =SQRT(((Взвешенная!I6-1)^2+(Взвешенная!J6-1)^2+(Взвешенная!K6-1)^2)/3) -> 0.92965361 | H6: =SQRT(((Взвешенная!I6)^2+(Взвешенная!J6)^2+(Взвешенная!K6)^2)/3) -> 0.078545611 | I6: =SQRT(((Взвешенная!L6-1)^2+(Взвешенная!M6-1)^2+(Взвешенная!N6-1)^2)/3) -> 0.66538797 | J6: =SQRT(((Взвешенная!L6)^2+(Взвешенная!M6)^2+(Взвешенная!N6)^2)/3) -> 0.3855737 | K6: =SQRT(((Взвешенная!O6-1)^2+(Взвешенная!P6-1)^2+(Взвешенная!Q6-1)^2)/3) -> 0.6077903 | L6: =SQRT(((Взвешенная!O6)^2+(Взвешенная!P6)^2+(Взвешенная!Q6)^2)/3) -> 0.63052137 | M6: =SQRT(((Взвешенная!R6-1)^2+(Взвешенная!S6-1)^2+(Взвешенная!T6-1)^2)/3) -> 0.92907367 | N6: =SQRT(((Взвешенная!R6)^2+(Взвешенная!S6)^2+(Взвешенная!T6)^2)/3) -> 0.087690809 | O6: =C6+E6+G6+I6+K6+M6 -> 4.5079946 | P6: =D6+F6+H6+J6+L6+N6 -> 1.9480372
A7: A3 | B7: Трекер техдолга и задач | C7: =SQRT(((Взвешенная!C7-1)^2+(Взвешенная!D7-1)^2+(Взвешенная!E7-1)^2)/3) -> 0.52788186 | D7: =SQRT(((Взвешенная!C7)^2+(Взвешенная!D7)^2+(Взвешенная!E7)^2)/3) -> 0.56054867 | E7: =SQRT(((Взвешенная!F7-1)^2+(Взвешенная!G7-1)^2+(Взвешенная!H7-1)^2)/3) -> 0.68913526 | F7: =SQRT(((Взвешенная!F7)^2+(Взвешенная!G7)^2+(Взвешенная!H7)^2)/3) -> 0.41821933 | G7: =SQRT(((Взвешенная!I7-1)^2+(Взвешенная!J7-1)^2+(Взвешенная!K7-1)^2)/3) -> 0.7986244 | H7: =SQRT(((Взвешенная!I7)^2+(Взвешенная!J7)^2+(Взвешенная!K7)^2)/3) -> 0.27692926 | I7: =SQRT(((Взвешенная!L7-1)^2+(Взвешенная!M7-1)^2+(Взвешенная!N7-1)^2)/3) -> 0.50720731 | J7: =SQRT(((Взвешенная!L7)^2+(Взвешенная!M7)^2+(Взвешенная!N7)^2)/3) -> 0.61782174 | K7: =SQRT(((Взвешенная!O7-1)^2+(Взвешенная!P7-1)^2+(Взвешенная!Q7-1)^2)/3) -> 0.69102447 | L7: =SQRT(((Взвешенная!O7)^2+(Взвешенная!P7)^2+(Взвешенная!Q7)^2)/3) -> 0.39967116 | M7: =SQRT(((Взвешенная!R7-1)^2+(Взвешенная!S7-1)^2+(Взвешенная!T7-1)^2)/3) -> 0.84288086 | N7: =SQRT(((Взвешенная!R7)^2+(Взвешенная!S7)^2+(Взвешенная!T7)^2)/3) -> 0.21448474 | O7: =C7+E7+G7+I7+K7+M7 -> 4.0567542 | P7: =D7+F7+H7+J7+L7+N7 -> 2.4876749
A8: A4 | B8: Бот уведомлений CI/CD | C8: =SQRT(((Взвешенная!C8-1)^2+(Взвешенная!D8-1)^2+(Взвешенная!E8-1)^2)/3) -> 0.61571097 | D8: =SQRT(((Взвешенная!C8)^2+(Взвешенная!D8)^2+(Взвешенная!E8)^2)/3) -> 0.48897853 | E8: =SQRT(((Взвешенная!F8-1)^2+(Взвешенная!G8-1)^2+(Взвешенная!H8-1)^2)/3) -> 0.56438757 | F8: =SQRT(((Взвешенная!F8)^2+(Взвешенная!G8)^2+(Взвешенная!H8)^2)/3) -> 0.65207362 | G8: =SQRT(((Взвешенная!I8-1)^2+(Взвешенная!J8-1)^2+(Взвешенная!K8-1)^2)/3) -> 0.71879649 | H8: =SQRT(((Взвешенная!I8)^2+(Взвешенная!J8)^2+(Взвешенная!K8)^2)/3) -> 0.53086712 | I8: =SQRT(((Взвешенная!L8-1)^2+(Взвешенная!M8-1)^2+(Взвешенная!N8-1)^2)/3) -> 0.62407265 | J8: =SQRT(((Взвешенная!L8)^2+(Взвешенная!M8)^2+(Взвешенная!N8)^2)/3) -> 0.47902679 | K8: =SQRT(((Взвешенная!O8-1)^2+(Взвешенная!P8-1)^2+(Взвешенная!Q8-1)^2)/3) -> 0.61169164 | L8: =SQRT(((Взвешенная!O8)^2+(Взвешенная!P8)^2+(Взвешенная!Q8)^2)/3) -> 0.52360927 | M8: =SQRT(((Взвешенная!R8-1)^2+(Взвешенная!S8-1)^2+(Взвешенная!T8-1)^2)/3) -> 0.7491353 | N8: =SQRT(((Взвешенная!R8)^2+(Взвешенная!S8)^2+(Взвешенная!T8)^2)/3) -> 0.4151082 | O8: =C8+E8+G8+I8+K8+M8 -> 3.8837946 | P8: =D8+F8+H8+J8+L8+N8 -> 3.0896635
A9: A5 | B9: Каталог внутренней документации | C9: =SQRT(((Взвешенная!C9-1)^2+(Взвешенная!D9-1)^2+(Взвешенная!E9-1)^2)/3) -> 0.52681433 | D9: =SQRT(((Взвешенная!C9)^2+(Взвешенная!D9)^2+(Взвешенная!E9)^2)/3) -> 0.60898823 | E9: =SQRT(((Взвешенная!F9-1)^2+(Взвешенная!G9-1)^2+(Взвешенная!H9-1)^2)/3) -> 0.61915115 | F9: =SQRT(((Взвешенная!F9)^2+(Взвешенная!G9)^2+(Взвешенная!H9)^2)/3) -> 0.61555154 | G9: =SQRT(((Взвешенная!I9-1)^2+(Взвешенная!J9-1)^2+(Взвешенная!K9-1)^2)/3) -> 0.81566858 | H9: =SQRT(((Взвешенная!I9)^2+(Взвешенная!J9)^2+(Взвешенная!K9)^2)/3) -> 0.21460654 | I9: =SQRT(((Взвешенная!L9-1)^2+(Взвешенная!M9-1)^2+(Взвешенная!N9-1)^2)/3) -> 0.57243721 | J9: =SQRT(((Взвешенная!L9)^2+(Взвешенная!M9)^2+(Взвешенная!N9)^2)/3) -> 0.51451083 | K9: =SQRT(((Взвешенная!O9-1)^2+(Взвешенная!P9-1)^2+(Взвешенная!Q9-1)^2)/3) -> 0.72603438 | L9: =SQRT(((Взвешенная!O9)^2+(Взвешенная!P9)^2+(Взвешенная!Q9)^2)/3) -> 0.38066219 | M9: =SQRT(((Взвешенная!R9-1)^2+(Взвешенная!S9-1)^2+(Взвешенная!T9-1)^2)/3) -> 0.90166046 | N9: =SQRT(((Взвешенная!R9)^2+(Взвешенная!S9)^2+(Взвешенная!T9)^2)/3) -> 0.11584015 | O9: =C9+E9+G9+I9+K9+M9 -> 4.1617661 | P9: =D9+F9+H9+J9+L9+N9 -> 2.4501595

Sheet Результат
A1: Итог TOPSIS: коэффициент близости CC = d− / (d+ + d−)
A3: Код | B3: Альтернатива | C3: Σ d+ | D3: Σ d− | E3: CC | F3: Место
A4: A1 | B4: Дашборд мониторинга инфраструктуры | C4: =Расстояния!O5 -> 4.2478166 | D4: =Расстояния!P5 -> 2.2947111 | E4: =D4/(C4+D4) -> 0.3507377 | F4: =RANK(E4,$E$4:$E$8) -> 4
A5: A2 | B5: Менеджер секретов и конфигов | C5: =Расстояния!O6 -> 4.5079946 | D5: =Расстояния!P6 -> 1.9480372 | E5: =D5/(C5+D5) -> 0.30173909 | F5: =RANK(E5,$E$4:$E$8) -> 5
A6: A3 | B6: Трекер техдолга и задач | C6: =Расстояния!O7 -> 4.0567542 | D6: =Расстояния!P7 -> 2.4876749 | E6: =D6/(C6+D6) -> 0.380121 | F6: =RANK(E6,$E$4:$E$8) -> 2
A7: A4 | B7: Бот уведомлений CI/CD | C7: =Расстояния!O8 -> 3.8837946 | D7: =Расстояния!P8 -> 3.0896635 | E7: =D7/(C7+D7) -> 0.44306045 | F7: =RANK(E7,$E$4:$E$8) -> 1
A8: A5 | B8: Каталог внутренней документации | C8: =Расстояния!O9 -> 4.1617661 | D8: =Расстояния!P9 -> 2.4501595 | E8: =D8/(C8+D8) -> 0.37056671 | F8: =RANK(E8,$E$4:$E$8) -> 3
B10: Победившая концепция по TOPSIS: | C10: =INDEX(B4:B8,MATCH(1,F4:F8,0)) -> Бот уведомлений CI/CD
